Timestamp,Agent,Node,Inputs,Outputs,Metadata,Blocks
2026-01-07T20:01:11.752Z,Brand Monitor,Brand Monitoring Inquiry: O'Reilly Publishing,O'reilly publishing,"O'Reilly Launches MCP Server, BillOReilly.com's No Spin News, Hacker News: No more O'Reilly subscriptions, AI in 2026 and Beyond, etc.",subTaskId: 695ebb86d4eacf1017cdcd05,"695ebb87dab6a34c7505d228, 695ebb87dab6a34c7505d253, 695ebb87dab6a34c7505d27f"
2026-01-07T20:01:11.752Z,Brand Monitor,O'Reilly Publishing Brand Monitoring,O'reilly publishing,"# Brand Monitoring Report: O'Reilly Publishing (O'Reilly Media)

Here are the latest insights and trends for O'Reilly Publishing as of January 7, 2026.

### **Key Business Insights & Trends**

*   **AI Integration & Product Innovation:** O'Reilly has recently launched an **MCP (Model Context Protocol) Server**, designed to embed their extensive learning library directly into AI workflows. This move positions the company at the forefront of ""AI-native"" learning, allowing developers to access technical documentation and training within their AI tools.
*   **Thought Leadership in AI:** The company continues to lead industry discussions with its ""Radar"" reports, specifically focusing on **AI trends for 2026 and beyond**. They are emphasizing the shift from predictive AI to practical, integrated AI applications in the workplace.
*   **Community Sentiment:** Recent discussions on platforms like **Hacker News** show a mix of feedback regarding their subscription model. While their technical content remains highly regarded, some users are evaluating the value of long-term subscriptions versus on-demand learning resources.
*   **Market Positioning:** O'Reilly remains a dominant force in technical publishing, successfully transitioning from traditional book publishing to a comprehensive digital learning platform that caters to the evolving needs of software engineers and data scientists.

### **Note on Brand Noise**
Please note that ""O'Reilly Publishing"" often shares search space with political commentator Bill O'Reilly. This report has been filtered to focus specifically on **O'Reilly Media**, the technical publishing and training entity.

I will continue to monitor these channels for further updates. Please let me know if you would like me to track specific competitors or deeper sentiment analysis on any of these points.

Best regards,
**Brand Monitor**","Status: success, Task ID: 695ebb86d4eacf1017cdcd05","[{""id"":""695ebb87dab6a34c7505d228"",""type"":""input_message"",""content"":""O'reilly publishing""},{""id"":""695ebb87dab6a34c7505d27f"",""type"":""tool_call"",""name"":""Browser-search""},{""id"":""695ebb8bdab6a34c7505d318"",""type"":""output_message"",""content"":""Brand Monitoring Report: O'Reilly Publishing...""}]"
2026-01-07T20:32:06.266Z,Brand Monitor (695d7c0b17d213e56045761c),working,nvidia,"# Brand Monitoring Report: NVIDIA (January 2026)

Hello Michael,

Here is the latest brand monitoring report for **NVIDIA**, based on recent activity and major announcements from CES 2026.

### **Key Insights & Trends**

*   **Strategic Shift to ""Physical AI"":** NVIDIA's CES 2026 keynote signaled a major pivot toward ""physical AI"" and open AI ecosystems. The focus has moved beyond just hardware to how AI interacts with the physical world through robotics and autonomous systems.
*   **Software Over Hardware for Consumers:** For the first time in five years, NVIDIA did not announce new consumer GPUs at CES. Instead, the company is leaning heavily on **DLSS (Deep Learning Super Sampling) improvements** and software upgrades to maintain its edge in the gaming and creative markets.
*   **Enterprise Powerhouse:** The announcement of the **Vera CPU** (part of the Vera Rubin architecture) has generated significant buzz in the tech community. While not a consumer product, it reinforces NVIDIA's dominance in data center and high-performance computing (HPC) sectors.
*   **Mixed Public Sentiment:** On forums and social media, the reaction is a mix of awe at the enterprise-level AI advancements and slight disappointment from the gaming community regarding the lack of new ""Super"" series GPUs.
*   **Autonomous Driving Momentum:** NVIDIA continues to solidify its position in the automotive industry with new updates regarding autonomous driving platforms, further diversifying its brand beyond PC components.

### **Summary**
NVIDIA is successfully transitioning its brand image from a ""graphics card company"" to the ""world leader in AI computing."" While consumer hardware enthusiasts are currently in a waiting period, the brand's enterprise and AI reputation has never been stronger.

Professional regards,

**Brand Monitor**","Task ID: 695ec2bdc38609328f701247, SubTask ID: 695ec2bdc38609328f701249","695ec2be4291203f4c4f4109, 695ec2be4291203f4c4f4134, 695ec2be4291203f4c4f415f, 695ec2c24291203f4c4f41ea"
2026-01-07T20:32:06.266Z,Brand Monitor,NVIDIA Brand Monitoring Inquiry,nvidia,"# Brand Monitoring Report: NVIDIA (January 2026)

Hello Michael,

Here is the latest brand monitoring report for **NVIDIA**, based on recent activity and major announcements from CES 2026.

### **Key Insights & Trends**

*   **Strategic Shift to ""Physical AI"":** NVIDIA's CES 2026 keynote signaled a major pivot toward ""physical AI"" and open AI ecosystems. The focus has moved beyond just hardware to how AI interacts with the physical world through robotics and autonomous systems.
*   **Software Over Hardware for Consumers:** For the first time in five years, NVIDIA did not announce new consumer GPUs at CES. Instead, the company is leaning heavily on **DLSS (Deep Learning Super Sampling) improvements** and software upgrades to maintain its edge in the gaming and creative markets.
*   **Enterprise Powerhouse:** The announcement of the **Vera CPU** (part of the Vera Rubin architecture) has generated significant buzz in the tech community. While not a consumer product, it reinforces NVIDIA's dominance in data center and high-performance computing (HPC) sectors.
*   **Mixed Public Sentiment:** On forums and social media, the reaction is a mix of awe at the enterprise-level AI advancements and slight disappointment from the gaming community regarding the lack of new ""Super"" series GPUs.
*   **Autonomous Driving Momentum:** NVIDIA continues to solidify its position in the automotive industry with new updates regarding autonomous driving platforms, further diversifying its brand beyond PC components.

### **Summary**
NVIDIA is successfully transitioning its brand image from a ""graphics card company"" to the ""world leader in AI computing."" While consumer hardware enthusiasts are currently in a waiting period, the brand's enterprise and AI reputation has never been stronger.

Professional regards,

**Brand Monitor**","{""subTaskId"": ""695ec2bdc38609328f701249"", ""status"": ""success""}","695ec2be4291203f4c4f4109, 695ec2be4291203f4c4f4134, 695ec2be4291203f4c4f415f, 695ec2c24291203f4c4f41ea"
2026-01-07T20:32:35.302Z,Brand Monitor,Monitoring Opal Webcams Brand,opal webcams,"### Brand Monitoring Report: Opal Webcams (January 2026)

Hello Michael,

I have completed a comprehensive scan of recent business insights, reviews, and community discussions regarding **Opal Webcams**. Here are the key trends and insights for your review:

#### **1. Product Performance & Market Sentiment**
*   **Opal Tadpole:** This model continues to be a significant focus in early 2026. It is highly regarded for its portability and ""slick"" design, specifically targeting laptop users. Wirecutter and Digital Camera World highlight its built-in clip and high-end aesthetics as major selling points.
*   **Opal C1:** While the hardware (lens and build quality) remains praised as ""top-notch"" and ""visually appealing,"" there is a recurring theme of software frustration. Recent discussions on Reddit and Mac Power Users suggest that while the image quality is excellent, buggy software continues to be a ""cautionary tale"" for some users.

#### **2. Key Business Trends**
*   **The ""Mirrorless Quality"" Push:** Opal is successfully positioning itself as a bridge between standard webcams and professional mirrorless cameras. This niche is particularly strong among remote professionals and podcasters.
*   **Software vs. Hardware Gap:** A critical trend for Opal is the disparity between their hardware excellence and software reliability. Competitors like Insta360 and Obsbot are gaining ground by offering more stable AI-driven software features.
*   **Laptop-First Strategy:** With the Tadpole, Opal is leaning heavily into the ""on-the-go"" professional market, differentiating itself from the bulky 4K desk-bound cameras of competitors.

#### **3. Competitive Landscape**
*   Opal is frequently compared against the **Insta360 Link 2C** and **Obsbot Tiny 2** in ""Best of 2025/2026"" lists. While Opal wins on design and form factor, competitors are often preferred for their advanced tracking and software stability.

#### **Summary Recommendation**
Opal remains a premium choice for users who prioritize design and portability. However, for long-term brand health, the market is looking for significant software updates to match their superior hardware.

Please let me know if you would like me to monitor specific competitors or dive deeper into any of these areas.

Best regards,

**Brand Monitor**",Subtask ID: 695ec2e2c5e5040a5537726d,4 blocks retrieved
2026-01-07T20:32:35.302Z,Brand Monitor,Monitoring Opal Webcams Brand,opal webcams,"### Brand Monitoring Report: Opal Webcams (January 2026)

Hello Michael,

I have completed a comprehensive scan of recent business insights, reviews, and community discussions regarding **Opal Webcams**. Here are the key trends and insights for your review:

#### **1. Product Performance & Market Sentiment**
*   **Opal Tadpole:** This model continues to be a significant focus in early 2026. It is highly regarded for its portability and ""slick"" design, specifically targeting laptop users. Wirecutter and Digital Camera World highlight its built-in clip and high-end aesthetics as major selling points.
*   **Opal C1:** While the hardware (lens and build quality) remains praised as ""top-notch"" and ""visually appealing,"" there is a recurring theme of software frustration. Recent discussions on Reddit and Mac Power Users suggest that while the image quality is excellent, buggy software continues to be a ""cautionary tale"" for some users.

#### **2. Key Business Trends**
*   **The ""Mirrorless Quality"" Push:** Opal is successfully positioning itself as a bridge between standard webcams and professional mirrorless cameras. This niche is particularly strong among remote professionals and podcasters.
*   **Software vs. Hardware Gap:** A critical trend for Opal is the disparity between their hardware excellence and software reliability. Competitors like Insta360 and Obsbot are gaining ground by offering more stable AI-driven software features.
*   **Laptop-First Strategy:** With the Tadpole, Opal is leaning heavily into the ""on-the-go"" professional market, differentiating itself from the bulky 4K desk-bound cameras of competitors.

#### **3. Competitive Landscape**
*   Opal is frequently compared against the **Insta360 Link 2C** and **Obsbot Tiny 2** in ""Best of 2025/2026"" lists. While Opal wins on design and form factor, competitors are often preferred for their advanced tracking and software stability.

#### **Summary Recommendation**
Opal remains a premium choice for users who prioritize design and portability. However, for long-term brand health, the market is looking for significant software updates to match their superior hardware.

Please let me know if you would like me to monitor specific competitors or dive deeper into any of these areas.

Best regards,

**Brand Monitor**","{""taskId"":""695ec2e2c5e5040a5537726b"",""subTaskId"":""695ec2e2c5e5040a5537726d""}","[{""id"":""695ec2e309298334780c4507"",""type"":""input_message""},{""id"":""695ec2e309298334780c4538"",""type"":""tool_call""},{""id"":""695ec2e309298334780c4563"",""type"":""tool_call""},{""id"":""695ec2e709298334780c45b9"",""type"":""output_message""}]"